-- Automatically generated by SQLQueryTestSuite
-- !query
SELECT '1.23' :: int
-- !query schema
struct<1.23:int>
-- !query output
1


-- !query
SELECT '1.23' :: long
-- !query schema
struct<1.23:bigint>
-- !query output
1


-- !query
SELECT '-4.56' :: int
-- !query schema
struct<-4.56:int>
-- !query output
-4


-- !query
SELECT '-4.56' :: long
-- !query schema
struct<-4.56:bigint>
-- !query output
-4


-- !query
SELECT 'abc' :: int
-- !query schema
struct<abc:int>
-- !query output
NULL


-- !query
SELECT 'abc' :: long
-- !query schema
struct<abc:bigint>
-- !query output
NULL


-- !query
SELECT 'abc' :: float
-- !query schema
struct<abc:float>
-- !query output
NULL


-- !query
SELECT 'abc' :: double
-- !query schema
struct<abc:double>
-- !query output
NULL


-- !query
SELECT '1234567890123' :: int
-- !query schema
struct<1234567890123:int>
-- !query output
NULL


-- !query
SELECT '12345678901234567890123' :: long
-- !query schema
struct<12345678901234567890123:bigint>
-- !query output
NULL


-- !query
SELECT '' :: int
-- !query schema
struct<:int>
-- !query output
NULL


-- !query
SELECT '' :: long
-- !query schema
struct<:bigint>
-- !query output
NULL


-- !query
SELECT '' :: float
-- !query schema
struct<:float>
-- !query output
NULL


-- !query
SELECT '' :: double
-- !query schema
struct<:double>
-- !query output
NULL


-- !query
SELECT NULL :: int
-- !query schema
struct<NULL:int>
-- !query output
NULL


-- !query
SELECT NULL :: long
-- !query schema
struct<NULL:bigint>
-- !query output
NULL


-- !query
SELECT '123.a' :: int
-- !query schema
struct<123.a:int>
-- !query output
NULL


-- !query
SELECT '123.a' :: long
-- !query schema
struct<123.a:bigint>
-- !query output
NULL


-- !query
SELECT '123.a' :: float
-- !query schema
struct<123.a:float>
-- !query output
NULL


-- !query
SELECT '123.a' :: double
-- !query schema
struct<123.a:double>
-- !query output
NULL


-- !query
SELECT '-2147483648' :: int
-- !query schema
struct<-2147483648:int>
-- !query output
-2147483648


-- !query
SELECT '-2147483649' :: int
-- !query schema
struct<-2147483649:int>
-- !query output
NULL


-- !query
SELECT '2147483647' :: int
-- !query schema
struct<2147483647:int>
-- !query output
2147483647


-- !query
SELECT '2147483648' :: int
-- !query schema
struct<2147483648:int>
-- !query output
NULL


-- !query
SELECT '-9223372036854775808' :: long
-- !query schema
struct<-9223372036854775808:bigint>
-- !query output
-9223372036854775808


-- !query
SELECT '-9223372036854775809' :: long
-- !query schema
struct<-9223372036854775809:bigint>
-- !query output
NULL


-- !query
SELECT '9223372036854775807' :: long
-- !query schema
struct<9223372036854775807:bigint>
-- !query output
9223372036854775807


-- !query
SELECT '9223372036854775808' :: long
-- !query schema
struct<9223372036854775808:bigint>
-- !query output
NULL


-- !query
SELECT HEX('abc' :: binary)
-- !query schema
struct<hex(abc):string>
-- !query output
616263


-- !query
SELECT HEX((123 :: byte) :: binary)
-- !query schema
struct<hex(123):string>
-- !query output
7B


-- !query
SELECT HEX((-123 :: byte) :: binary)
-- !query schema
struct<hex(-123):string>
-- !query output
85


-- !query
SELECT HEX(123S :: binary)
-- !query schema
struct<hex(123):string>
-- !query output
007B


-- !query
SELECT HEX(-123S :: binary)
-- !query schema
struct<hex(-123):string>
-- !query output
FF85


-- !query
SELECT HEX(123 :: binary)
-- !query schema
struct<hex(123):string>
-- !query output
0000007B


-- !query
SELECT HEX(-123 :: binary)
-- !query schema
struct<hex(-123):string>
-- !query output
FFFFFF85


-- !query
SELECT HEX(123L :: binary)
-- !query schema
struct<hex(123):string>
-- !query output
000000000000007B


-- !query
SELECT HEX(-123L :: binary)
-- !query schema
struct<hex(-123):string>
-- !query output
FFFFFFFFFFFFFF85


-- !query
DESC FUNCTION boolean
-- !query schema
struct<function_desc:string>
-- !query output
Class: org.apache.spark.sql.catalyst.expressions.Cast
Function: boolean
Usage: boolean(expr) - Casts the value `expr` to the target data type `boolean`.


-- !query
DESC FUNCTION EXTENDED boolean
-- !query schema
struct<function_desc:string>
-- !query output
Class: org.apache.spark.sql.catalyst.expressions.Cast
Extended Usage:
    No example/argument for boolean.

    Since: 2.0.1

Function: boolean
Usage: boolean(expr) - Casts the value `expr` to the target data type `boolean`.


-- !query
SELECT 'interval 3 month 1 hour' :: interval
-- !query schema
struct<interval 3 month 1 hour:interval>
-- !query output
3 months 1 hours


-- !query
SELECT "interval '3-1' year to month" :: interval year to month
-- !query schema
struct<interval '3-1' year to month:interval year to month>
-- !query output
3-1


-- !query
SELECT "interval '3 00:00:01' day to second" :: interval day to second
-- !query schema
struct<interval '3 00:00:01' day to second:interval day to second>
-- !query output
3 00:00:01.000000000


-- !query
SELECT interval 3 month 1 hour :: string
-- !query schema
struct<>
-- !query output
org.apache.spark.sql.catalyst.parser.ParseException
{
  "errorClass" : "_LEGACY_ERROR_TEMP_0029",
  "messageParameters" : {
    "literal" : "interval 3 month 1 hour"
  },
  "queryContext" : [ {
    "objectType" : "",
    "objectName" : "",
    "startIndex" : 8,
    "stopIndex" : 30,
    "fragment" : "interval 3 month 1 hour"
  } ]
}


-- !query
SELECT interval 3 year 1 month :: string
-- !query schema
struct<INTERVAL '3-1' YEAR TO MONTH:string>
-- !query output
INTERVAL '3-1' YEAR TO MONTH


-- !query
SELECT interval 3 day 1 second :: string
-- !query schema
struct<INTERVAL '3 00:00:01' DAY TO SECOND:string>
-- !query output
INTERVAL '3 00:00:01' DAY TO SECOND


-- !query
select ' 1' :: tinyint
-- !query schema
struct< 1:tinyint>
-- !query output
1


-- !query
select ' 1\t' :: tinyint
-- !query schema
struct< 1	:tinyint>
-- !query output
1


-- !query
select ' 1' :: smallint
-- !query schema
struct< 1:smallint>
-- !query output
1


-- !query
select ' 1' :: INT
-- !query schema
struct< 1:int>
-- !query output
1


-- !query
select ' 1' :: bigint
-- !query schema
struct< 1:bigint>
-- !query output
1


-- !query
select ' 1' :: float
-- !query schema
struct< 1:float>
-- !query output
1.0


-- !query
select ' 1 ' :: DOUBLE
-- !query schema
struct< 1 :double>
-- !query output
1.0


-- !query
select '1.0 ' :: DEC
-- !query schema
struct<1.0 :decimal(10,0)>
-- !query output
1


-- !query
select '1中文' :: tinyint
-- !query schema
struct<1中文:tinyint>
-- !query output
NULL


-- !query
select '1中文' :: smallint
-- !query schema
struct<1中文:smallint>
-- !query output
NULL


-- !query
select '1中文' :: INT
-- !query schema
struct<1中文:int>
-- !query output
NULL


-- !query
select '中文1' :: bigint
-- !query schema
struct<中文1:bigint>
-- !query output
NULL


-- !query
select '1中文' :: bigint
-- !query schema
struct<1中文:bigint>
-- !query output
NULL


-- !query
select '\t\t true \n\r ' :: boolean
-- !query schema
struct<		 true 
 :boolean>
-- !query output
true


-- !query
select '\t\n false \t\r' :: boolean
-- !query schema
struct<	
 false 	:boolean>
-- !query output
false


-- !query
select '\t\n xyz \t\r' :: boolean
-- !query schema
struct<	
 xyz 	:boolean>
-- !query output
NULL


-- !query
select '23.45' :: decimal(4, 2)
-- !query schema
struct<23.45:decimal(4,2)>
-- !query output
23.45


-- !query
select '123.45' :: decimal(4, 2)
-- !query schema
struct<123.45:decimal(4,2)>
-- !query output
NULL


-- !query
select 'xyz' :: decimal(4, 2)
-- !query schema
struct<xyz:decimal(4,2)>
-- !query output
NULL


-- !query
select '2022-01-01' :: date
-- !query schema
struct<2022-01-01:date>
-- !query output
2022-01-01


-- !query
select 'a' :: date
-- !query schema
struct<a:date>
-- !query output
NULL


-- !query
select '2022-01-01 00:00:00' :: timestamp
-- !query schema
struct<2022-01-01 00:00:00:timestamp>
-- !query output
2022-01-01 00:00:00


-- !query
select 'a' :: timestamp
-- !query schema
struct<a:timestamp>
-- !query output
NULL


-- !query
select '2022-01-01 00:00:00' :: timestamp_ntz
-- !query schema
struct<2022-01-01 00:00:00:timestamp_ntz>
-- !query output
2022-01-01 00:00:00


-- !query
select 'a' :: timestamp_ntz
-- !query schema
struct<a:timestamp_ntz>
-- !query output
NULL


-- !query
select ('inf' :: double) :: timestamp
-- !query schema
struct<inf:timestamp>
-- !query output
NULL


-- !query
select ('inf' :: float) :: timestamp
-- !query schema
struct<inf:timestamp>
-- !query output
NULL


-- !query
select interval '1' year :: tinyint
-- !query schema
struct<INTERVAL '1' YEAR:tinyint>
-- !query output
1


-- !query
select interval '-10-2' year to month :: smallint
-- !query schema
struct<INTERVAL '-10-2' YEAR TO MONTH:smallint>
-- !query output
-122


-- !query
select interval '1000' month :: int
-- !query schema
struct<INTERVAL '1000' MONTH:int>
-- !query output
1000


-- !query
select interval -'10.123456' second :: tinyint
-- !query schema
struct<INTERVAL '-10.123456' SECOND:tinyint>
-- !query output
-10


-- !query
select interval '23:59:59' hour to second :: smallint
-- !query schema
struct<>
-- !query output
org.apache.spark.SparkArithmeticException
{
  "errorClass" : "CAST_OVERFLOW",
  "sqlState" : "22003",
  "messageParameters" : {
    "ansiConfig" : "\"spark.sql.ansi.enabled\"",
    "sourceType" : "\"INTERVAL HOUR TO SECOND\"",
    "targetType" : "\"SMALLINT\"",
    "value" : "INTERVAL '23:59:59' HOUR TO SECOND"
  }
}


-- !query
select interval -'1 02:03:04.123' day to second :: int
-- !query schema
struct<INTERVAL '-1 02:03:04.123' DAY TO SECOND:int>
-- !query output
-93784


-- !query
select interval '10' day :: bigint
-- !query schema
struct<INTERVAL '10' DAY:bigint>
-- !query output
10


-- !query
select interval '-1000' month :: tinyint
-- !query schema
struct<>
-- !query output
org.apache.spark.SparkArithmeticException
{
  "errorClass" : "CAST_OVERFLOW",
  "sqlState" : "22003",
  "messageParameters" : {
    "ansiConfig" : "\"spark.sql.ansi.enabled\"",
    "sourceType" : "\"INTERVAL MONTH\"",
    "targetType" : "\"TINYINT\"",
    "value" : "INTERVAL '-1000' MONTH"
  }
}


-- !query
select interval '1000000' second :: smallint
-- !query schema
struct<>
-- !query output
org.apache.spark.SparkArithmeticException
{
  "errorClass" : "CAST_OVERFLOW",
  "sqlState" : "22003",
  "messageParameters" : {
    "ansiConfig" : "\"spark.sql.ansi.enabled\"",
    "sourceType" : "\"INTERVAL SECOND\"",
    "targetType" : "\"SMALLINT\"",
    "value" : "INTERVAL '1000000' SECOND"
  }
}


-- !query
select 1Y :: interval year
-- !query schema
struct<1:interval year>
-- !query output
1-0


-- !query
select -122S :: interval year to month
-- !query schema
struct<-122:interval year to month>
-- !query output
-10-2


-- !query
select (ym :: interval year to month) from values(-122S) as t(ym)
-- !query schema
struct<ym:interval year to month>
-- !query output
-10-2


-- !query
select 1000 :: interval month
-- !query schema
struct<1000:interval month>
-- !query output
83-4


-- !query
select -10L :: interval second
-- !query schema
struct<-10:interval second>
-- !query output
-0 00:00:10.000000000


-- !query
select 100Y :: interval hour to second
-- !query schema
struct<100:interval hour to second>
-- !query output
0 00:01:40.000000000


-- !query
select (dt :: interval hour to second) from values(100Y) as t(dt)
-- !query schema
struct<dt:interval hour to second>
-- !query output
0 00:01:40.000000000


-- !query
select -1000S :: interval day to second
-- !query schema
struct<-1000:interval day to second>
-- !query output
-0 00:16:40.000000000


-- !query
select 10 :: interval day
-- !query schema
struct<10:interval day>
-- !query output
10 00:00:00.000000000


-- !query
select 2147483647 :: interval year
-- !query schema
struct<>
-- !query output
org.apache.spark.SparkArithmeticException
{
  "errorClass" : "CAST_OVERFLOW",
  "sqlState" : "22003",
  "messageParameters" : {
    "ansiConfig" : "\"spark.sql.ansi.enabled\"",
    "sourceType" : "\"INT\"",
    "targetType" : "\"INTERVAL YEAR\"",
    "value" : "2147483647"
  }
}


-- !query
select -9223372036854775808L :: interval day
-- !query schema
struct<>
-- !query output
org.apache.spark.SparkArithmeticException
{
  "errorClass" : "CAST_OVERFLOW",
  "sqlState" : "22003",
  "messageParameters" : {
    "ansiConfig" : "\"spark.sql.ansi.enabled\"",
    "sourceType" : "\"BIGINT\"",
    "targetType" : "\"INTERVAL DAY\"",
    "value" : "-9223372036854775808L"
  }
}


-- !query
select interval '-1' year :: decimal(10, 0)
-- !query schema
struct<INTERVAL '-1' YEAR:decimal(10,0)>
-- !query output
-1


-- !query
select interval '1.000001' second :: decimal(10, 6)
-- !query schema
struct<INTERVAL '01.000001' SECOND:decimal(10,6)>
-- !query output
1.000001


-- !query
select interval '08:11:10.001' hour to second :: decimal(10, 4)
-- !query schema
struct<INTERVAL '08:11:10.001' HOUR TO SECOND:decimal(10,4)>
-- !query output
29470.0010


-- !query
select interval '1 01:02:03.1' day to second :: decimal(8, 1)
-- !query schema
struct<INTERVAL '1 01:02:03.1' DAY TO SECOND:decimal(8,1)>
-- !query output
90123.1


-- !query
select interval '10.123' second :: decimal(4, 2)
-- !query schema
struct<INTERVAL '10.123' SECOND:decimal(4,2)>
-- !query output
10.12


-- !query
select interval '10.005' second :: decimal(4, 2)
-- !query schema
struct<INTERVAL '10.005' SECOND:decimal(4,2)>
-- !query output
10.01


-- !query
select interval '10.123' second :: decimal(5, 2)
-- !query schema
struct<INTERVAL '10.123' SECOND:decimal(5,2)>
-- !query output
10.12


-- !query
select interval '10.123' second :: decimal(1, 0)
-- !query schema
struct<>
-- !query output
org.apache.spark.SparkArithmeticException
{
  "errorClass" : "NUMERIC_VALUE_OUT_OF_RANGE",
  "sqlState" : "22003",
  "messageParameters" : {
    "config" : "\"spark.sql.ansi.enabled\"",
    "precision" : "1",
    "scale" : "0",
    "value" : "10.123000"
  }
}


-- !query
select 10.123456BD :: interval day to second
-- !query schema
struct<10.123456:interval day to second>
-- !query output
0 00:00:10.123456000


-- !query
select 80.654321BD :: interval hour to minute
-- !query schema
struct<80.654321:interval hour to minute>
-- !query output
0 01:20:00.000000000


-- !query
select -10.123456BD :: interval year to month
-- !query schema
struct<-10.123456:interval year to month>
-- !query output
-0-10


-- !query
select 10.654321BD :: interval month
-- !query schema
struct<10.654321:interval month>
-- !query output
0-11
