-- Automatically generated by SQLQueryTestSuite
-- Number of queries: 87


-- !query
create table char_tbl(c char(5), v varchar(6)) using parquet
-- !query schema
struct<>
-- !query output



-- !query
desc formatted char_tbl
-- !query schema
struct<col_name:string,data_type:string,comment:string>
-- !query output
c                   	char(5)             	                    
v                   	varchar(6)          	                    
                    	                    	                    
# Detailed Table Information	                    	                    
Database            	default             	                    
Table               	char_tbl            	                    
Created Time [not included in comparison]
Last Access [not included in comparison]
Created By [not included in comparison]
Type                	MANAGED             	                    
Provider            	parquet             	                    
Location [not included in comparison]/{warehouse_dir}/char_tbl


-- !query
desc formatted char_tbl c
-- !query schema
struct<info_name:string,info_value:string>
-- !query output
col_name	c
data_type	char(5)
comment	NULL
min	NULL
max	NULL
num_nulls	NULL
distinct_count	NULL
avg_col_len	NULL
max_col_len	NULL
histogram	NULL


-- !query
show create table char_tbl
-- !query schema
struct<createtab_stmt:string>
-- !query output
CREATE TABLE `default`.`char_tbl` (
  `c` CHAR(5),
  `v` VARCHAR(6))
USING parquet


-- !query
create table char_tbl2 using parquet as select * from char_tbl
-- !query schema
struct<>
-- !query output



-- !query
show create table char_tbl2
-- !query schema
struct<createtab_stmt:string>
-- !query output
CREATE TABLE `default`.`char_tbl2` (
  `c` CHAR(5),
  `v` VARCHAR(6))
USING parquet


-- !query
desc formatted char_tbl2
-- !query schema
struct<col_name:string,data_type:string,comment:string>
-- !query output
c                   	char(5)             	                    
v                   	varchar(6)          	                    
                    	                    	                    
# Detailed Table Information	                    	                    
Database            	default             	                    
Table               	char_tbl2           	                    
Created Time [not included in comparison]
Last Access [not included in comparison]
Created By [not included in comparison]
Type                	MANAGED             	                    
Provider            	parquet             	                    
Location [not included in comparison]/{warehouse_dir}/char_tbl2


-- !query
desc formatted char_tbl2 c
-- !query schema
struct<info_name:string,info_value:string>
-- !query output
col_name	c
data_type	char(5)
comment	NULL
min	NULL
max	NULL
num_nulls	NULL
distinct_count	NULL
avg_col_len	NULL
max_col_len	NULL
histogram	NULL


-- !query
create table char_tbl3 like char_tbl
-- !query schema
struct<>
-- !query output



-- !query
desc formatted char_tbl3
-- !query schema
struct<col_name:string,data_type:string,comment:string>
-- !query output
c                   	char(5)             	                    
v                   	varchar(6)          	                    
                    	                    	                    
# Detailed Table Information	                    	                    
Database            	default             	                    
Table               	char_tbl3           	                    
Created Time [not included in comparison]
Last Access [not included in comparison]
Created By [not included in comparison]
Type                	MANAGED             	                    
Provider            	parquet             	                    
Location [not included in comparison]/{warehouse_dir}/char_tbl3


-- !query
desc formatted char_tbl3 c
-- !query schema
struct<info_name:string,info_value:string>
-- !query output
col_name	c
data_type	char(5)
comment	NULL
min	NULL
max	NULL
num_nulls	NULL
distinct_count	NULL
avg_col_len	NULL
max_col_len	NULL
histogram	NULL


-- !query
show create table char_tbl3
-- !query schema
struct<createtab_stmt:string>
-- !query output
CREATE TABLE `default`.`char_tbl3` (
  `c` CHAR(5),
  `v` VARCHAR(6))
USING parquet


-- !query
create view char_view as select * from char_tbl
-- !query schema
struct<>
-- !query output



-- !query
desc formatted char_view
-- !query schema
struct<col_name:string,data_type:string,comment:string>
-- !query output
c                   	char(5)             	                    
v                   	varchar(6)          	                    
                    	                    	                    
# Detailed Table Information	                    	                    
Database            	default             	                    
Table               	char_view           	                    
Created Time [not included in comparison]
Last Access [not included in comparison]
Created By [not included in comparison]
Type                	VIEW                	                    
View Text           	select * from char_tbl	                    
View Original Text  	select * from char_tbl	                    
View Catalog and Namespace	spark_catalog.default	                    
View Query Output Columns	[c, v]              	                    
Table Properties    	[view.catalogAndNamespace.numParts=2, view.catalogAndNamespace.part.0=spark_catalog, view.catalogAndNamespace.part.1=default, view.query.out.col.0=c, view.query.out.col.1=v, view.query.out.numCols=2, view.referredTempFunctionsNames=[], view.referredTempViewNames=[]]


-- !query
desc formatted char_view c
-- !query schema
struct<info_name:string,info_value:string>
-- !query output
col_name	c
data_type	char(5)
comment	NULL
min	NULL
max	NULL
num_nulls	NULL
distinct_count	NULL
avg_col_len	NULL
max_col_len	NULL
histogram	NULL


-- !query
show create table char_view
-- !query schema
struct<createtab_stmt:string>
-- !query output
CREATE VIEW `default`.`char_view` (
  `c`,
  `v`)
AS select * from char_tbl


-- !query
alter table char_tbl rename to char_tbl1
-- !query schema
struct<>
-- !query output



-- !query
desc formatted char_tbl1
-- !query schema
struct<col_name:string,data_type:string,comment:string>
-- !query output
c                   	char(5)             	                    
v                   	varchar(6)          	                    
                    	                    	                    
# Detailed Table Information	                    	                    
Database            	default             	                    
Table               	char_tbl1           	                    
Created Time [not included in comparison]
Last Access [not included in comparison]
Created By [not included in comparison]
Type                	MANAGED             	                    
Provider            	parquet             	                    
Location [not included in comparison]/{warehouse_dir}/char_tbl1


-- !query
alter table char_tbl1 change column c type char(6)
-- !query schema
struct<>
-- !query output
org.apache.spark.sql.AnalysisException
ALTER TABLE CHANGE COLUMN is not supported for changing column 'c' with type 'CharType(5)' to 'c' with type 'CharType(6)'


-- !query
alter table char_tbl1 change column c type char(5)
-- !query schema
struct<>
-- !query output



-- !query
desc formatted char_tbl1
-- !query schema
struct<col_name:string,data_type:string,comment:string>
-- !query output
c                   	char(5)             	                    
v                   	varchar(6)          	                    
                    	                    	                    
# Detailed Table Information	                    	                    
Database            	default             	                    
Table               	char_tbl1           	                    
Created Time [not included in comparison]
Last Access [not included in comparison]
Created By [not included in comparison]
Type                	MANAGED             	                    
Provider            	parquet             	                    
Location [not included in comparison]/{warehouse_dir}/char_tbl1


-- !query
alter table char_tbl1 add columns (d char(5))
-- !query schema
struct<>
-- !query output



-- !query
desc formatted char_tbl1
-- !query schema
struct<col_name:string,data_type:string,comment:string>
-- !query output
c                   	char(5)             	                    
v                   	varchar(6)          	                    
d                   	char(5)             	                    
                    	                    	                    
# Detailed Table Information	                    	                    
Database            	default             	                    
Table               	char_tbl1           	                    
Created Time [not included in comparison]
Last Access [not included in comparison]
Created By [not included in comparison]
Type                	MANAGED             	                    
Provider            	parquet             	                    
Location [not included in comparison]/{warehouse_dir}/char_tbl1


-- !query
alter view char_view as select * from char_tbl2
-- !query schema
struct<>
-- !query output



-- !query
desc formatted char_view
-- !query schema
struct<col_name:string,data_type:string,comment:string>
-- !query output
c                   	char(5)             	                    
v                   	varchar(6)          	                    
                    	                    	                    
# Detailed Table Information	                    	                    
Database            	default             	                    
Table               	char_view           	                    
Created Time [not included in comparison]
Last Access [not included in comparison]
Created By [not included in comparison]
Type                	VIEW                	                    
View Text           	select * from char_tbl2	                    
View Original Text  	select * from char_tbl2	                    
View Catalog and Namespace	spark_catalog.default	                    
View Query Output Columns	[c, v]              	                    
Table Properties    	[view.catalogAndNamespace.numParts=2, view.catalogAndNamespace.part.0=spark_catalog, view.catalogAndNamespace.part.1=default, view.query.out.col.0=c, view.query.out.col.1=v, view.query.out.numCols=2, view.referredTempFunctionsNames=[], view.referredTempViewNames=[]]


-- !query
alter table char_tbl1 SET TBLPROPERTIES('yes'='no')
-- !query schema
struct<>
-- !query output



-- !query
desc formatted char_tbl1
-- !query schema
struct<col_name:string,data_type:string,comment:string>
-- !query output
c                   	char(5)             	                    
v                   	varchar(6)          	                    
d                   	char(5)             	                    
                    	                    	                    
# Detailed Table Information	                    	                    
Database            	default             	                    
Table               	char_tbl1           	                    
Created Time [not included in comparison]
Last Access [not included in comparison]
Created By [not included in comparison]
Type                	MANAGED             	                    
Provider            	parquet             	                    
Table Properties    	[yes=no]            	                    
Location [not included in comparison]/{warehouse_dir}/char_tbl1


-- !query
alter view char_view SET TBLPROPERTIES('yes'='no')
-- !query schema
struct<>
-- !query output



-- !query
desc formatted char_view
-- !query schema
struct<col_name:string,data_type:string,comment:string>
-- !query output
c                   	char(5)             	                    
v                   	varchar(6)          	                    
                    	                    	                    
# Detailed Table Information	                    	                    
Database            	default             	                    
Table               	char_view           	                    
Created Time [not included in comparison]
Last Access [not included in comparison]
Created By [not included in comparison]
Type                	VIEW                	                    
View Text           	select * from char_tbl2	                    
View Original Text  	select * from char_tbl2	                    
View Catalog and Namespace	spark_catalog.default	                    
View Query Output Columns	[c, v]              	                    
Table Properties    	[view.catalogAndNamespace.numParts=2, view.catalogAndNamespace.part.0=spark_catalog, view.catalogAndNamespace.part.1=default, view.query.out.col.0=c, view.query.out.col.1=v, view.query.out.numCols=2, view.referredTempFunctionsNames=[], view.referredTempViewNames=[], yes=no]


-- !query
alter table char_tbl1 UNSET TBLPROPERTIES('yes')
-- !query schema
struct<>
-- !query output



-- !query
desc formatted char_tbl1
-- !query schema
struct<col_name:string,data_type:string,comment:string>
-- !query output
c                   	char(5)             	                    
v                   	varchar(6)          	                    
d                   	char(5)             	                    
                    	                    	                    
# Detailed Table Information	                    	                    
Database            	default             	                    
Table               	char_tbl1           	                    
Created Time [not included in comparison]
Last Access [not included in comparison]
Created By [not included in comparison]
Type                	MANAGED             	                    
Provider            	parquet             	                    
Location [not included in comparison]/{warehouse_dir}/char_tbl1


-- !query
alter view char_view UNSET TBLPROPERTIES('yes')
-- !query schema
struct<>
-- !query output



-- !query
desc formatted char_view
-- !query schema
struct<col_name:string,data_type:string,comment:string>
-- !query output
c                   	char(5)             	                    
v                   	varchar(6)          	                    
                    	                    	                    
# Detailed Table Information	                    	                    
Database            	default             	                    
Table               	char_view           	                    
Created Time [not included in comparison]
Last Access [not included in comparison]
Created By [not included in comparison]
Type                	VIEW                	                    
View Text           	select * from char_tbl2	                    
View Original Text  	select * from char_tbl2	                    
View Catalog and Namespace	spark_catalog.default	                    
View Query Output Columns	[c, v]              	                    
Table Properties    	[view.catalogAndNamespace.numParts=2, view.catalogAndNamespace.part.0=spark_catalog, view.catalogAndNamespace.part.1=default, view.query.out.col.0=c, view.query.out.col.1=v, view.query.out.numCols=2, view.referredTempFunctionsNames=[], view.referredTempViewNames=[]]


-- !query
alter table char_tbl1 SET SERDEPROPERTIES('yes'='no')
-- !query schema
struct<>
-- !query output



-- !query
desc formatted char_tbl1
-- !query schema
struct<col_name:string,data_type:string,comment:string>
-- !query output
c                   	char(5)             	                    
v                   	varchar(6)          	                    
d                   	char(5)             	                    
                    	                    	                    
# Detailed Table Information	                    	                    
Database            	default             	                    
Table               	char_tbl1           	                    
Created Time [not included in comparison]
Last Access [not included in comparison]
Created By [not included in comparison]
Type                	MANAGED             	                    
Provider            	parquet             	                    
Location [not included in comparison]/{warehouse_dir}/char_tbl1	                    
Storage Properties  	[yes=no]


-- !query
create table char_part(c1 char(5), c2 char(2), v1 varchar(6), v2 varchar(2)) using parquet partitioned by (v2, c2)
-- !query schema
struct<>
-- !query output



-- !query
desc formatted char_part
-- !query schema
struct<col_name:string,data_type:string,comment:string>
-- !query output
c1                  	char(5)             	                    
v1                  	varchar(6)          	                    
v2                  	varchar(2)          	                    
c2                  	char(2)             	                    
# Partition Information	                    	                    
# col_name          	data_type           	comment             
v2                  	varchar(2)          	                    
c2                  	char(2)             	                    
                    	                    	                    
# Detailed Table Information	                    	                    
Database            	default             	                    
Table               	char_part           	                    
Created Time [not included in comparison]
Last Access [not included in comparison]
Created By [not included in comparison]
Type                	MANAGED             	                    
Provider            	parquet             	                    
Location [not included in comparison]/{warehouse_dir}/char_part	                    
Partition Provider  	Catalog


-- !query
alter table char_part add partition (v2='ke', c2='nt') location 'loc1'
-- !query schema
struct<>
-- !query output



-- !query
desc formatted char_part
-- !query schema
struct<col_name:string,data_type:string,comment:string>
-- !query output
c1                  	char(5)             	                    
v1                  	varchar(6)          	                    
v2                  	varchar(2)          	                    
c2                  	char(2)             	                    
# Partition Information	                    	                    
# col_name          	data_type           	comment             
v2                  	varchar(2)          	                    
c2                  	char(2)             	                    
                    	                    	                    
# Detailed Table Information	                    	                    
Database            	default             	                    
Table               	char_part           	                    
Created Time [not included in comparison]
Last Access [not included in comparison]
Created By [not included in comparison]
Type                	MANAGED             	                    
Provider            	parquet             	                    
Location [not included in comparison]/{warehouse_dir}/char_part	                    
Partition Provider  	Catalog


-- !query
alter table char_part partition (v2='ke') rename to partition (v2='nt')
-- !query schema
struct<>
-- !query output
org.apache.spark.sql.AnalysisException
Partition spec is invalid. The spec (v2) must match the partition spec (v2, c2) defined in table '`default`.`char_part`'


-- !query
desc formatted char_part
-- !query schema
struct<col_name:string,data_type:string,comment:string>
-- !query output
c1                  	char(5)             	                    
v1                  	varchar(6)          	                    
v2                  	varchar(2)          	                    
c2                  	char(2)             	                    
# Partition Information	                    	                    
# col_name          	data_type           	comment             
v2                  	varchar(2)          	                    
c2                  	char(2)             	                    
                    	                    	                    
# Detailed Table Information	                    	                    
Database            	default             	                    
Table               	char_part           	                    
Created Time [not included in comparison]
Last Access [not included in comparison]
Created By [not included in comparison]
Type                	MANAGED             	                    
Provider            	parquet             	                    
Location [not included in comparison]/{warehouse_dir}/char_part	                    
Partition Provider  	Catalog


-- !query
alter table char_part partition (v2='ke', c2='nt') set location 'loc2'
-- !query schema
struct<>
-- !query output



-- !query
desc formatted char_part
-- !query schema
struct<col_name:string,data_type:string,comment:string>
-- !query output
c1                  	char(5)             	                    
v1                  	varchar(6)          	                    
v2                  	varchar(2)          	                    
c2                  	char(2)             	                    
# Partition Information	                    	                    
# col_name          	data_type           	comment             
v2                  	varchar(2)          	                    
c2                  	char(2)             	                    
                    	                    	                    
# Detailed Table Information	                    	                    
Database            	default             	                    
Table               	char_part           	                    
Created Time [not included in comparison]
Last Access [not included in comparison]
Created By [not included in comparison]
Type                	MANAGED             	                    
Provider            	parquet             	                    
Location [not included in comparison]/{warehouse_dir}/char_part	                    
Partition Provider  	Catalog


-- !query
MSCK REPAIR TABLE char_part
-- !query schema
struct<>
-- !query output



-- !query
desc formatted char_part
-- !query schema
struct<col_name:string,data_type:string,comment:string>
-- !query output
c1                  	char(5)             	                    
v1                  	varchar(6)          	                    
v2                  	varchar(2)          	                    
c2                  	char(2)             	                    
# Partition Information	                    	                    
# col_name          	data_type           	comment             
v2                  	varchar(2)          	                    
c2                  	char(2)             	                    
                    	                    	                    
# Detailed Table Information	                    	                    
Database            	default             	                    
Table               	char_part           	                    
Created Time [not included in comparison]
Last Access [not included in comparison]
Created By [not included in comparison]
Type                	MANAGED             	                    
Provider            	parquet             	                    
Location [not included in comparison]/{warehouse_dir}/char_part	                    
Partition Provider  	Catalog


-- !query
create table char_tbl4(c char(5), v varchar(6)) using parquet
-- !query schema
struct<>
-- !query output



-- !query
insert into char_tbl4 values
    (null, null),
    (null, 'E'),
    ('N', null),
    ('Ne', 'Ea'),
    ('Ne ', 'Ea '),
    ('Ne ', 'Ea '),
    ('Ne  ', 'Ea  '),
    ('Net', 'Ease'),
    ('Net ', 'Ease '),
    ('Net  ', 'Ease  ')
-- !query schema
struct<>
-- !query output



-- !query
insert into char_tbl4 values ('Net   ', 'Ease  ')
-- !query schema
struct<>
-- !query output



-- !query
select c, v from char_tbl4
-- !query schema
struct<c:string,v:string>
-- !query output
N    	NULL
NULL	E
NULL	NULL
Ne   	Ea
Ne   	Ea 
Ne   	Ea 
Ne   	Ea  
Net  	Ease
Net  	Ease 
Net  	Ease  
Net  	Ease


-- !query
select c from char_tbl4 order by c
-- !query schema
struct<c:string>
-- !query output
NULL
NULL
N    
Ne   
Ne   
Ne   
Ne   
Net  
Net  
Net  
Net


-- !query
select v from char_tbl4 order by v
-- !query schema
struct<v:string>
-- !query output
NULL
NULL
E
Ea
Ea 
Ea 
Ea  
Ease
Ease 
Ease  
Ease


-- !query
select ascii(c), ascii(v) from char_tbl4
-- !query schema
struct<ascii(c):int,ascii(v):int>
-- !query output
78	69
78	69
78	69
78	69
78	69
78	69
78	69
78	69
78	NULL
NULL	69
NULL	NULL


-- !query
select base64(c), base64(v) from char_tbl4
-- !query schema
struct<base64(c):string,base64(v):string>
-- !query output
NULL	NULL
NULL	RQ==
TiAgICA=	NULL
TmUgICA=	RWE=
TmUgICA=	RWEg
TmUgICA=	RWEg
TmUgICA=	RWEgIA==
TmV0ICA=	RWFzZQ==
TmV0ICA=	RWFzZSA=
TmV0ICA=	RWFzZSAg
TmV0ICA=	RWFzZSAg


-- !query
select bit_length(c), bit_length(v) from char_tbl4
-- !query schema
struct<bit_length(c):int,bit_length(v):int>
-- !query output
40	16
40	24
40	24
40	32
40	32
40	40
40	48
40	48
40	NULL
NULL	8
NULL	NULL


-- !query
select char_length(c), char_length(v) from char_tbl4
-- !query schema
struct<char_length(c):int,char_length(v):int>
-- !query output
5	2
5	3
5	3
5	4
5	4
5	5
5	6
5	6
5	NULL
NULL	1
NULL	NULL


-- !query
select octet_length(c), octet_length(v) from char_tbl4
-- !query schema
struct<octet_length(c):int,octet_length(v):int>
-- !query output
5	2
5	3
5	3
5	4
5	4
5	5
5	6
5	6
5	NULL
NULL	1
NULL	NULL


-- !query
select concat_ws('|', c, c), concat_ws('|', c, v) from char_tbl4
-- !query schema
struct<concat_ws(|, c, c):string,concat_ws(|, c, v):string>
-- !query output
	
	E
N    |N    	N    
Ne   |Ne   	Ne   |Ea
Ne   |Ne   	Ne   |Ea 
Ne   |Ne   	Ne   |Ea 
Ne   |Ne   	Ne   |Ea  
Net  |Net  	Net  |Ease
Net  |Net  	Net  |Ease 
Net  |Net  	Net  |Ease  
Net  |Net  	Net  |Ease


-- !query
select concat(c, c), concat_ws(v, c) from char_tbl4
-- !query schema
struct<concat(c, c):string,concat_ws(v, c):string>
-- !query output
N    N    	NULL
NULL	
NULL	NULL
Ne   Ne   	Ne   
Ne   Ne   	Ne   
Ne   Ne   	Ne   
Ne   Ne   	Ne   
Net  Net  	Net  
Net  Net  	Net  
Net  Net  	Net  
Net  Net  	Net


-- !query
select like(c, 'Ne  _')from char_tbl4
-- !query schema
struct<c LIKE Ne  _:boolean>
-- !query output
NULL
NULL
false
false
false
false
false
true
true
true
true


-- !query
select like(v, 'Ea_')from char_tbl4
-- !query schema
struct<v LIKE Ea_:boolean>
-- !query output
NULL
NULL
false
false
false
false
false
false
false
true
true


-- !query
select lower(c), lower(v) from char_tbl4
-- !query schema
struct<lower(c):string,lower(v):string>
-- !query output
NULL	NULL
NULL	e
n    	NULL
ne   	ea
ne   	ea 
ne   	ea 
ne   	ea  
net  	ease
net  	ease 
net  	ease  
net  	ease


-- !query
select upper(c), upper(v) from char_tbl4
-- !query schema
struct<upper(c):string,upper(v):string>
-- !query output
N    	NULL
NE   	EA
NE   	EA 
NE   	EA 
NE   	EA  
NET  	EASE
NET  	EASE 
NET  	EASE  
NET  	EASE  
NULL	E
NULL	NULL


-- !query
select printf('Hey, %s%s', c, v) from char_tbl4
-- !query schema
struct<printf(Hey, %s%s, c, v):string>
-- !query output
Hey, N    null
Hey, Ne   Ea
Hey, Ne   Ea 
Hey, Ne   Ea 
Hey, Ne   Ea  
Hey, Net  Ease
Hey, Net  Ease 
Hey, Net  Ease  
Hey, Net  Ease  
Hey, nullE
Hey, nullnull


-- !query
select repect(c, 2), repect(v, 2) from char_tbl4
-- !query schema
struct<>
-- !query output
org.apache.spark.sql.AnalysisException
Undefined function: 'repect'. This function is neither a registered temporary function nor a permanent function registered in the database 'default'.; line 1 pos 7


-- !query
select replace(c, 'Ne', 'Ca'), replace(v, 'Ea', 'Ri') from char_tbl4
-- !query schema
struct<replace(c, Ne, Ca):string,replace(v, Ea, Ri):string>
-- !query output
Ca   	Ri
Ca   	Ri 
Ca   	Ri 
Ca   	Ri  
Cat  	Rise
Cat  	Rise 
Cat  	Rise  
Cat  	Rise  
N    	NULL
NULL	E
NULL	NULL


-- !query
select rpad(c, 4), rpad(v, 5) from char_tbl4
-- !query schema
struct<rpad(c, 4,  ):string,rpad(v, 5,  ):string>
-- !query output
N   	NULL
NULL	E    
NULL	NULL
Ne  	Ea   
Ne  	Ea   
Ne  	Ea   
Ne  	Ea   
Net 	Ease 
Net 	Ease 
Net 	Ease 
Net 	Ease


-- !query
select rpad(c, 5), rpad(v, 6) from char_tbl4
-- !query schema
struct<rpad(c, 5,  ):string,rpad(v, 6,  ):string>
-- !query output
N    	NULL
NULL	E     
NULL	NULL
Ne   	Ea    
Ne   	Ea    
Ne   	Ea    
Ne   	Ea    
Net  	Ease  
Net  	Ease  
Net  	Ease  
Net  	Ease


-- !query
select rpad(c, 6), rpad(v, 7) from char_tbl4
-- !query schema
struct<rpad(c, 6,  ):string,rpad(v, 7,  ):string>
-- !query output
N     	NULL
NULL	E      
NULL	NULL
Ne    	Ea     
Ne    	Ea     
Ne    	Ea     
Ne    	Ea     
Net   	Ease   
Net   	Ease   
Net   	Ease   
Net   	Ease


-- !query
select rtrim(c), rtrim(v) from char_tbl4
-- !query schema
struct<rtrim(c):string,rtrim(v):string>
-- !query output
N	NULL
NULL	E
NULL	NULL
Ne	Ea
Ne	Ea
Ne	Ea
Ne	Ea
Net	Ease
Net	Ease
Net	Ease
Net	Ease


-- !query
select split(c, 'e'), split(v, 'a') from char_tbl4
-- !query schema
struct<split(c, e, -1):array<string>,split(v, a, -1):array<string>>
-- !query output
NULL	NULL
NULL	["E"]
["N    "]	NULL
["N","   "]	["E","  "]
["N","   "]	["E"," "]
["N","   "]	["E"," "]
["N","   "]	["E",""]
["N","t  "]	["E","se  "]
["N","t  "]	["E","se  "]
["N","t  "]	["E","se "]
["N","t  "]	["E","se"]


-- !query
select substring(c, 2), substring(v, 3) from char_tbl4
-- !query schema
struct<substring(c, 2, 2147483647):string,substring(v, 3, 2147483647):string>
-- !query output
    	NULL
NULL	
NULL	NULL
e   	
e   	 
e   	 
e   	  
et  	se
et  	se 
et  	se  
et  	se


-- !query
select left(c, 2), left(v, 3) from char_tbl4
-- !query schema
struct<left(c, 2):string,left(v, 3):string>
-- !query output
N 	NULL
NULL	E
NULL	NULL
Ne	Ea
Ne	Ea 
Ne	Ea 
Ne	Ea 
Ne	Eas
Ne	Eas
Ne	Eas
Ne	Eas


-- !query
select right(c, 2), right(v, 3) from char_tbl4
-- !query schema
struct<right(c, 2):string,right(v, 3):string>
-- !query output
  	Ea
  	Ea 
  	Ea 
  	NULL
  	a  
  	ase
  	e  
  	e  
  	se 
NULL	E
NULL	NULL


-- !query
select typeof(c), typeof(v) from char_tbl4 limit 1
-- !query schema
struct<typeof(c):string,typeof(v):string>
-- !query output
string	string


-- !query
select cast(NULL as char(1))
-- !query schema
struct<CAST(NULL AS STRING):string>
-- !query output
NULL


-- !query
select cast('a ' as char(1))
-- !query schema
struct<CAST(a  AS STRING):string>
-- !query output
a


-- !query
select cast('abcde' as char(1))
-- !query schema
struct<CAST(abcde AS STRING):string>
-- !query output
abcde


-- !query
select cast('abcde' as char(5))
-- !query schema
struct<CAST(abcde AS STRING):string>
-- !query output
abcde


-- !query
select cast('abcde' as char(10))
-- !query schema
struct<CAST(abcde AS STRING):string>
-- !query output
abcde


-- !query
select cast(NULL as varchar(1))
-- !query schema
struct<CAST(NULL AS STRING):string>
-- !query output
NULL


-- !query
select cast('abcde' as varchar(1))
-- !query schema
struct<CAST(abcde AS STRING):string>
-- !query output
abcde


-- !query
select cast('abcde' as varchar(5))
-- !query schema
struct<CAST(abcde AS STRING):string>
-- !query output
abcde


-- !query
select cast('abcde' as varchar(10))
-- !query schema
struct<CAST(abcde AS STRING):string>
-- !query output
abcde


-- !query
drop table char_tbl1
-- !query schema
struct<>
-- !query output



-- !query
drop table char_tbl2
-- !query schema
struct<>
-- !query output



-- !query
drop table char_tbl3
-- !query schema
struct<>
-- !query output



-- !query
drop table char_tbl4
-- !query schema
struct<>
-- !query output

