-- Automatically generated by SQLQueryTestSuite
-- !query
create table t1(ucs_basic string collate 'ucs_basic', ucs_basic_lcase string collate 'ucs_basic_lcase') using parquet
-- !query schema
struct<>
-- !query output



-- !query
insert into t1 values('aaa', 'aaa')
-- !query schema
struct<>
-- !query output



-- !query
insert into t1 values('AAA', 'AAA')
-- !query schema
struct<>
-- !query output



-- !query
insert into t1 values('bbb', 'bbb')
-- !query schema
struct<>
-- !query output



-- !query
insert into t1 values('BBB', 'BBB')
-- !query schema
struct<>
-- !query output



-- !query
select count(*), ucs_basic from t1 group by ucs_basic
-- !query schema
struct<count(1):bigint,ucs_basic:string>
-- !query output
1	AAA
1	BBB
1	aaa
1	bbb


-- !query
select count(*), ucs_basic_lcase from t1 group by ucs_basic_lcase
-- !query schema
struct<count(1):bigint,ucs_basic_lcase:string COLLATE UCS_BASIC_LCASE>
-- !query output
2	BBB
2	aaa


-- !query
select * from t1 where ucs_basic = 'aaa'
-- !query schema
struct<ucs_basic:string,ucs_basic_lcase:string COLLATE UCS_BASIC_LCASE>
-- !query output
aaa	aaa


-- !query
select * from t1 where ucs_basic_lcase = 'aaa' collate 'ucs_basic_lcase'
-- !query schema
struct<ucs_basic:string,ucs_basic_lcase:string COLLATE UCS_BASIC_LCASE>
-- !query output
aaa	aaa


-- !query
select * from t1 where ucs_basic < 'bbb'
-- !query schema
struct<ucs_basic:string,ucs_basic_lcase:string COLLATE UCS_BASIC_LCASE>
-- !query output
AAA	AAA
BBB	BBB
aaa	aaa


-- !query
select * from t1 where ucs_basic_lcase < 'bbb' collate 'ucs_basic_lcase'
-- !query schema
struct<ucs_basic:string,ucs_basic_lcase:string COLLATE UCS_BASIC_LCASE>
-- !query output
AAA	AAA
aaa	aaa


-- !query
drop table t1
-- !query schema
struct<>
-- !query output

