-- Automatically generated by SQLQueryTestSuite
-- Number of queries: 10


-- !query
select x'00' < x'0f'
-- !query schema
struct<(X'00' < X'0F'):boolean>
-- !query output
true


-- !query
select x'00' < x'ff'
-- !query schema
struct<(X'00' < X'FF'):boolean>
-- !query output
true


-- !query
select '1 ' = 1Y
-- !query schema
struct<(CAST(1  AS BIGINT) = CAST(1 AS BIGINT)):boolean>
-- !query output
true


-- !query
select '\t1 ' = 1Y
-- !query schema
struct<(CAST(	1  AS BIGINT) = CAST(1 AS BIGINT)):boolean>
-- !query output
true


-- !query
select '1 ' = 1S
-- !query schema
struct<(CAST(1  AS BIGINT) = CAST(1 AS BIGINT)):boolean>
-- !query output
true


-- !query
select '1 ' = 1
-- !query schema
struct<(CAST(1  AS BIGINT) = CAST(1 AS BIGINT)):boolean>
-- !query output
true


-- !query
select ' 1' = 1L
-- !query schema
struct<(CAST( 1 AS BIGINT) = 1):boolean>
-- !query output
true


-- !query
select ' 1' = cast(1.0 as float)
-- !query schema
struct<(CAST( 1 AS DOUBLE) = CAST(CAST(1.0 AS FLOAT) AS DOUBLE)):boolean>
-- !query output
true


-- !query
select ' 1.0 ' = 1.0D
-- !query schema
struct<(CAST( 1.0  AS DOUBLE) = 1.0):boolean>
-- !query output
true


-- !query
select ' 1.0 ' = 1.0BD
-- !query schema
struct<(CAST( 1.0  AS DECIMAL(38,1)) = CAST(1.0 AS DECIMAL(38,1))):boolean>
-- !query output
true
