-- Automatically generated by SQLQueryTestSuite
-- !query
CREATE TABLE i1_tbl (
  t1a integer,
  t1b integer,
  t1c integer,
  t1d integer,
  t1e integer,
  t1f integer
) USING parquet
-- !query schema
struct<>
-- !query output



-- !query
CREATE TABLE i2_tbl (
  t2a integer,
  t2b integer,
  t2c integer,
  t2d integer,
  t2e integer,
  t2f integer
) USING parquet
-- !query schema
struct<>
-- !query output



-- !query
CREATE TABLE i3_tbl (
  t3a integer,
  t3b integer,
  t3c integer,
  t3d integer,
  t3e integer,
  t3f integer
) USING parquet
-- !query schema
struct<>
-- !query output



-- !query
select i3_tbl.* from (
    select * from i1_tbl left semi join (select * from i2_tbl where t2a > 1000) tmp2 on i1_tbl.t1a = tmp2.t2a 
) tmp1 join i3_tbl on tmp1.t1a = i3_tbl.t3a
-- !query schema
struct<t3a:int,t3b:int,t3c:int,t3d:int,t3e:int,t3f:int>
-- !query output



-- !query
select * from i1_tbl join i2_tbl on t1a = t2a and t2a = t1b and t1b = t2b and t2b = t1c and t1c = t2c and t2c = t1d and t1d = t2d and t2d = t1e and t1e = t2e and t2e = t1f
-- !query schema
struct<t1a:int,t1b:int,t1c:int,t1d:int,t1e:int,t1f:int,t2a:int,t2b:int,t2c:int,t2d:int,t2e:int,t2f:int>
-- !query output



-- !query
DROP TABLE i1_tbl
-- !query schema
struct<>
-- !query output



-- !query
DROP TABLE i2_tbl
-- !query schema
struct<>
-- !query output



-- !query
DROP TABLE i3_tbl
-- !query schema
struct<>
-- !query output

