-- Automatically generated by SQLQueryTestSuite
-- Number of queries: 12


-- !query
select timestamp_ltz'2019-10-06 10:11:12.345678'
-- !query schema
struct<TIMESTAMP '2019-10-06 10:11:12.345678':timestamp>
-- !query output
2019-10-06 10:11:12.345678


-- !query
select timestamp_ltz'-1969-12-31 16:00:00'
-- !query schema
struct<TIMESTAMP '-1969-12-31 16:00:00':timestamp>
-- !query output
-1969-12-31 16:00:00


-- !query
select timestamp_ltz'0015-03-18 16:00:00'
-- !query schema
struct<TIMESTAMP '0015-03-18 16:00:00':timestamp>
-- !query output
0015-03-18 16:00:00


-- !query
select timestamp_ltz'-000001'
-- !query schema
struct<TIMESTAMP '-0001-01-01 00:00:00':timestamp>
-- !query output
-0001-01-01 00:00:00


-- !query
select timestamp_ltz'99999-03-18T12:03:17'
-- !query schema
struct<TIMESTAMP '+99999-03-18 12:03:17':timestamp>
-- !query output
+99999-03-18 12:03:17


-- !query
select to_timestamp_ltz(null), to_timestamp_ltz('2016-12-31 00:12:00'), to_timestamp_ltz('2016-12-31', 'yyyy-MM-dd')
-- !query schema
struct<to_timestamp_ltz(NULL):timestamp,to_timestamp_ltz(2016-12-31 00:12:00):timestamp,to_timestamp_ltz(2016-12-31, yyyy-MM-dd):timestamp>
-- !query output
NULL	2016-12-31 00:12:00	2016-12-31 00:00:00


-- !query
select to_timestamp_ltz(to_date(null)), to_timestamp_ltz(to_date('2016-12-31')), to_timestamp_ltz(to_date('2016-12-31', 'yyyy-MM-dd'))
-- !query schema
struct<to_timestamp_ltz(to_date(NULL)):timestamp,to_timestamp_ltz(to_date(2016-12-31)):timestamp,to_timestamp_ltz(to_date(2016-12-31, yyyy-MM-dd)):timestamp>
-- !query output
NULL	2016-12-31 00:00:00	2016-12-31 00:00:00


-- !query
select to_timestamp_ltz(to_timestamp_ltz(null)), to_timestamp_ltz(to_timestamp_ltz('2016-12-31 00:12:00')), to_timestamp_ltz(to_timestamp_ltz('2016-12-31', 'yyyy-MM-dd'))
-- !query schema
struct<to_timestamp_ltz(to_timestamp_ltz(NULL)):timestamp,to_timestamp_ltz(to_timestamp_ltz(2016-12-31 00:12:00)):timestamp,to_timestamp_ltz(to_timestamp_ltz(2016-12-31, yyyy-MM-dd)):timestamp>
-- !query output
NULL	2016-12-31 00:12:00	2016-12-31 00:00:00


-- !query
select to_timestamp_ltz(to_timestamp_ntz(null)), to_timestamp_ltz(to_timestamp_ntz('2016-12-31 00:12:00')), to_timestamp_ltz(to_timestamp_ntz('2016-12-31', 'yyyy-MM-dd'))
-- !query schema
struct<to_timestamp_ltz(to_timestamp_ntz(NULL)):timestamp,to_timestamp_ltz(to_timestamp_ntz(2016-12-31 00:12:00)):timestamp,to_timestamp_ltz(to_timestamp_ntz(2016-12-31, yyyy-MM-dd)):timestamp>
-- !query output
NULL	2016-12-31 00:12:00	2016-12-31 00:00:00


-- !query
SELECT make_timestamp_ltz(2021, 07, 11, 6, 30, 45.678)
-- !query schema
struct<make_timestamp_ltz(2021, 7, 11, 6, 30, 45.678):timestamp>
-- !query output
2021-07-11 06:30:45.678


-- !query
SELECT make_timestamp_ltz(2021, 07, 11, 6, 30, 45.678, 'CET')
-- !query schema
struct<make_timestamp_ltz(2021, 7, 11, 6, 30, 45.678):timestamp>
-- !query output
2021-07-10 21:30:45.678


-- !query
SELECT make_timestamp_ltz(2021, 07, 11, 6, 30, 60.007)
-- !query schema
struct<make_timestamp_ltz(2021, 7, 11, 6, 30, 60.007):timestamp>
-- !query output
NULL
