-- Automatically generated by SQLQueryTestSuite
-- Number of queries: 17


-- !query
select timestamp_ltz'2016-12-31 00:12:00', timestamp_ltz'2016-12-31'
-- !query schema
struct<TIMESTAMP '2016-12-31 00:12:00':timestamp,TIMESTAMP '2016-12-31 00:00:00':timestamp>
-- !query output
2016-12-31 00:12:00	2016-12-31 00:00:00


-- !query
select to_timestamp_ltz(null), to_timestamp_ltz('2016-12-31 00:12:00'), to_timestamp_ltz('2016-12-31', 'yyyy-MM-dd')
-- !query schema
struct<to_timestamp_ltz(NULL):timestamp,to_timestamp_ltz(2016-12-31 00:12:00):timestamp,to_timestamp_ltz(2016-12-31, yyyy-MM-dd):timestamp>
-- !query output
NULL	2016-12-31 00:12:00	2016-12-31 00:00:00


-- !query
select to_timestamp_ltz(to_date(null)), to_timestamp_ltz(to_date('2016-12-31'))
-- !query schema
struct<to_timestamp_ltz(to_date(NULL)):timestamp,to_timestamp_ltz(to_date(2016-12-31)):timestamp>
-- !query output
NULL	2016-12-31 00:00:00


-- !query
select to_timestamp_ltz(to_timestamp_ntz(null)), to_timestamp_ltz(to_timestamp_ntz('2016-12-31 00:12:00'))
-- !query schema
struct<to_timestamp_ltz(to_timestamp_ntz(NULL)):timestamp,to_timestamp_ltz(to_timestamp_ntz(2016-12-31 00:12:00)):timestamp>
-- !query output
NULL	2016-12-31 00:12:00


-- !query
SELECT make_timestamp_ltz(2021, 07, 11, 6, 30, 45.678)
-- !query schema
struct<make_timestamp_ltz(2021, 7, 11, 6, 30, 45.678):timestamp>
-- !query output
2021-07-11 06:30:45.678


-- !query
SELECT make_timestamp_ltz(2021, 07, 11, 6, 30, 45.678, 'CET')
-- !query schema
struct<make_timestamp_ltz(2021, 7, 11, 6, 30, 45.678):timestamp>
-- !query output
2021-07-10 21:30:45.678


-- !query
SELECT make_timestamp_ltz(2021, 07, 11, 6, 30, 60.007)
-- !query schema
struct<make_timestamp_ltz(2021, 7, 11, 6, 30, 60.007):timestamp>
-- !query output
NULL


-- !query
select TIMESTAMP_SECONDS(1230219000),TIMESTAMP_SECONDS(-1230219000),TIMESTAMP_SECONDS(null)
-- !query schema
struct<timestamp_seconds(1230219000):timestamp,timestamp_seconds(-1230219000):timestamp,timestamp_seconds(NULL):timestamp>
-- !query output
2008-12-25 07:30:00	1931-01-07 00:30:00	NULL


-- !query
select TIMESTAMP_SECONDS(1.23), TIMESTAMP_SECONDS(1.23d), TIMESTAMP_SECONDS(FLOAT(1.23))
-- !query schema
struct<timestamp_seconds(1.23):timestamp,timestamp_seconds(1.23):timestamp,timestamp_seconds(1.23):timestamp>
-- !query output
1969-12-31 16:00:01.23	1969-12-31 16:00:01.23	1969-12-31 16:00:01.23


-- !query
select TIMESTAMP_MILLIS(1230219000123),TIMESTAMP_MILLIS(-1230219000123),TIMESTAMP_MILLIS(null)
-- !query schema
struct<timestamp_millis(1230219000123):timestamp,timestamp_millis(-1230219000123):timestamp,timestamp_millis(NULL):timestamp>
-- !query output
2008-12-25 07:30:00.123	1931-01-07 00:29:59.877	NULL


-- !query
select TIMESTAMP_MICROS(1230219000123123),TIMESTAMP_MICROS(-1230219000123123),TIMESTAMP_MICROS(null)
-- !query schema
struct<timestamp_micros(1230219000123123):timestamp,timestamp_micros(-1230219000123123):timestamp,timestamp_micros(NULL):timestamp>
-- !query output
2008-12-25 07:30:00.123123	1931-01-07 00:29:59.876877	NULL


-- !query
select TIMESTAMP_SECONDS(1230219000123123)
-- !query schema
struct<>
-- !query output
java.lang.ArithmeticException
long overflow


-- !query
select TIMESTAMP_SECONDS(-1230219000123123)
-- !query schema
struct<>
-- !query output
java.lang.ArithmeticException
long overflow


-- !query
select TIMESTAMP_MILLIS(92233720368547758)
-- !query schema
struct<>
-- !query output
java.lang.ArithmeticException
long overflow


-- !query
select TIMESTAMP_MILLIS(-92233720368547758)
-- !query schema
struct<>
-- !query output
java.lang.ArithmeticException
long overflow


-- !query
select TIMESTAMP_SECONDS(0.1234567)
-- !query schema
struct<>
-- !query output
java.lang.ArithmeticException
Rounding necessary


-- !query
select TIMESTAMP_SECONDS(0.1234567d), TIMESTAMP_SECONDS(FLOAT(0.1234567))
-- !query schema
struct<timestamp_seconds(0.1234567):timestamp,timestamp_seconds(0.1234567):timestamp>
-- !query output
1969-12-31 16:00:00.123456	1969-12-31 16:00:00.123456
