-- Automatically generated by SQLQueryTestSuite
-- !query
create temp view l (a, b)
as values
    (1, 2.0),
    (1, 2.0),
    (2, 1.0),
    (2, 1.0),
    (3, 3.0),
    (null, null),
    (null, 5.0),
    (6, null)
-- !query schema
struct<>
-- !query output



-- !query
create temp view r (c, d)
as values
    (2, 3.0),
    (2, 3.0),
    (3, 2.0),
    (4, 1.0),
    (null, null),
    (null, 5.0),
    (6, null)
-- !query schema
struct<>
-- !query output



-- !query
select *, (select count(*) from r where l.a = r.c) from l
-- !query schema
struct<a:int,b:decimal(2,1),scalarsubquery(a):bigint>
-- !query output
1	2.0	0
1	2.0	0
2	1.0	2
2	1.0	2
3	3.0	1
6	NULL	1
NULL	5.0	0
NULL	NULL	0


-- !query
select *, (select count(*) from r where l.a = r.c group by c) from l
-- !query schema
struct<a:int,b:decimal(2,1),scalarsubquery(a):bigint>
-- !query output
1	2.0	NULL
1	2.0	NULL
2	1.0	2
2	1.0	2
3	3.0	1
6	NULL	1
NULL	5.0	NULL
NULL	NULL	NULL


-- !query
select *, (select count(*) from r where l.a = r.c group by 'constant') from l
-- !query schema
struct<a:int,b:decimal(2,1),scalarsubquery(a):bigint>
-- !query output
1	2.0	NULL
1	2.0	NULL
2	1.0	2
2	1.0	2
3	3.0	1
6	NULL	1
NULL	5.0	NULL
NULL	NULL	NULL


-- !query
select *, (
  select (count(*)) is null
  from r
  where l.a = r.c)
from l
-- !query schema
struct<a:int,b:decimal(2,1),scalarsubquery(a):boolean>
-- !query output
1	2.0	false
1	2.0	false
2	1.0	false
2	1.0	false
3	3.0	false
6	NULL	false
NULL	5.0	false
NULL	NULL	false


-- !query
select *, (
  select (count(*)) is null
  from r
  where l.a = r.c
  group by r.c)
from l
-- !query schema
struct<a:int,b:decimal(2,1),scalarsubquery(a):boolean>
-- !query output
1	2.0	NULL
1	2.0	NULL
2	1.0	false
2	1.0	false
3	3.0	false
6	NULL	false
NULL	5.0	NULL
NULL	NULL	NULL


-- !query
select *, (select count(*) from r where l.a = r.c having count(*) <= 1) from l
-- !query schema
struct<a:int,b:decimal(2,1),scalarsubquery(a):bigint>
-- !query output
1	2.0	0
1	2.0	0
2	1.0	NULL
2	1.0	NULL
3	3.0	1
6	NULL	1
NULL	5.0	0
NULL	NULL	0


-- !query
select *, (select count(*) from r where l.a = r.c having count(*) >= 2) from l
-- !query schema
struct<a:int,b:decimal(2,1),scalarsubquery(a):bigint>
-- !query output
1	2.0	NULL
1	2.0	NULL
2	1.0	2
2	1.0	2
3	3.0	NULL
6	NULL	NULL
NULL	5.0	NULL
NULL	NULL	NULL


-- !query
set spark.sql.optimizer.decorrelateSubqueryLegacyIncorrectCountHandling.enabled = true
-- !query schema
struct<key:string,value:string>
-- !query output
spark.sql.optimizer.decorrelateSubqueryLegacyIncorrectCountHandling.enabled	true


-- !query
select *, (select count(*) from r where l.a = r.c) from l
-- !query schema
struct<a:int,b:decimal(2,1),scalarsubquery(a):bigint>
-- !query output
1	2.0	0
1	2.0	0
2	1.0	2
2	1.0	2
3	3.0	1
6	NULL	1
NULL	5.0	0
NULL	NULL	0


-- !query
select *, (select count(*) from r where l.a = r.c group by c) from l
-- !query schema
struct<a:int,b:decimal(2,1),scalarsubquery(a):bigint>
-- !query output
1	2.0	0
1	2.0	0
2	1.0	2
2	1.0	2
3	3.0	1
6	NULL	1
NULL	5.0	0
NULL	NULL	0


-- !query
select *, (select count(*) from r where l.a = r.c group by 'constant') from l
-- !query schema
struct<a:int,b:decimal(2,1),scalarsubquery(a):bigint>
-- !query output
1	2.0	0
1	2.0	0
2	1.0	2
2	1.0	2
3	3.0	1
6	NULL	1
NULL	5.0	0
NULL	NULL	0


-- !query
reset spark.sql.optimizer.decorrelateSubqueryLegacyIncorrectCountHandling.enabled
-- !query schema
struct<>
-- !query output



-- !query
CREATE OR REPLACE VIEW t1(a1, a2) as values (0, 1), (1, 2)
-- !query schema
struct<>
-- !query output



-- !query
CREATE OR REPLACE VIEW t2(b1, b2) as values (0, 2), (0, 3)
-- !query schema
struct<>
-- !query output



-- !query
CREATE OR REPLACE VIEW t3(c1, c2) as values (0, 2), (0, 3)
-- !query schema
struct<>
-- !query output



-- !query
select ( select sum(cnt) from (select count(*) cnt from t2 where t1.a1 = t2.b1) ) a from t1 order by a desc
-- !query schema
struct<a:bigint>
-- !query output
2
0


-- !query
select ( select count(*) from (select count(*) cnt from t2 where t1.a1 = t2.b1) ) a from t1 order by a desc
-- !query schema
struct<a:bigint>
-- !query output
1
1


-- !query
select (
  select SUM(l.cnt + r.cnt)
  from (select count(*) cnt from t2 where t1.a1 = t2.b1 having cnt = 0) l
  join (select count(*) cnt from t3 where t1.a1 = t3.c1 having cnt = 0) r
  on l.cnt = r.cnt
) a from t1 order by a desc
-- !query schema
struct<a:bigint>
-- !query output
0
NULL


-- !query
select (
  select sum(l.cnt + r.cnt)
  from (select count(*) cnt from t2 where t1.a1 = t2.b1) l
  join (select count(*) cnt from t3 where t1.a1 = t3.c1) r
  on l.cnt = r.cnt
) a from t1 order by a desc
-- !query schema
struct<a:bigint>
-- !query output
4
0


-- !query
DROP VIEW t1
-- !query schema
struct<>
-- !query output



-- !query
DROP VIEW t2
-- !query schema
struct<>
-- !query output



-- !query
DROP VIEW t3
-- !query schema
struct<>
-- !query output

