-- Automatically generated by SQLQueryTestSuite
-- !query
create table t0(t0a int not null, t0b int) using parquet
-- !query schema
struct<>
-- !query output



-- !query
insert into t0 values (1, 0)
-- !query schema
struct<>
-- !query output



-- !query
create table t1(t1a int, t1b int) using parquet
-- !query schema
struct<>
-- !query output



-- !query
insert into t1 values (null, 1)
-- !query schema
struct<>
-- !query output



-- !query
create table t2(t2a int, t2b int) using parquet
-- !query schema
struct<>
-- !query output



-- !query
insert into t2 values (2, 2)
-- !query schema
struct<>
-- !query output



-- !query
select * from t0 where t0a in (select t1a from t1)
-- !query schema
struct<t0a:int,t0b:int>
-- !query output



-- !query
select * from t0 where (t0a in (select t1a from t1)) <=> true
-- !query schema
struct<t0a:int,t0b:int>
-- !query output



-- !query
select * from t0 left join t2 on (t0a IN (select t1a from t1)) is null
-- !query schema
struct<t0a:int,t0b:int,t2a:int,t2b:int>
-- !query output
1	0	2	2


-- !query
select * from t0 left join t2 on (t0a IN (select t1a from t1)) <=> true
-- !query schema
struct<t0a:int,t0b:int,t2a:int,t2b:int>
-- !query output
1	0	NULL	NULL
