-- Automatically generated by SQLQueryTestSuite
-- !query
CREATE TEMP VIEW x(x1, x2) AS VALUES
    (0, 1),
    (1, 1),
    (1, 2),
    (3, 4),
    (5, 6),
    (9, 10)
-- !query schema
struct<>
-- !query output



-- !query
CREATE TEMP VIEW y(y1, y2) AS VALUES
    (0, 2),
    (1, 4),
    (1, 5),
    (2, 6),
    (3, 8),
    (4, 11)
-- !query schema
struct<>
-- !query output



-- !query
CREATE TEMP VIEW z(z1, z2) AS VALUES
    (0, 2),
    (1, 4),
    (3, 3),
    (3, 6),
    (8, 11)
-- !query schema
struct<>
-- !query output



-- !query
select * from x inner join y on x1 = y1 and x2 IN (select z1 from z where z2 = x2) order by x1, x2, y1, y2
-- !query schema
struct<x1:int,x2:int,y1:int,y2:int>
-- !query output



-- !query
select * from x inner join y on x1 = y1 and x2 not IN (select z1 from z where z2 = x2) order by x1, x2, y1, y2
-- !query schema
struct<x1:int,x2:int,y1:int,y2:int>
-- !query output
0	1	0	2
1	1	1	4
1	1	1	5
1	2	1	4
1	2	1	5
3	4	3	8


-- !query
select * from x left join y on x1 = y1 and x2 IN (select z1 from z where z2 = x2) order by x1, x2, y1, y2
-- !query schema
struct<x1:int,x2:int,y1:int,y2:int>
-- !query output
0	1	NULL	NULL
1	1	NULL	NULL
1	2	NULL	NULL
3	4	NULL	NULL
5	6	NULL	NULL
9	10	NULL	NULL


-- !query
select * from x left join y on x1 = y1 and x2 not IN (select z1 from z where z2 = x2) order by x1, x2, y1, y2
-- !query schema
struct<x1:int,x2:int,y1:int,y2:int>
-- !query output
0	1	0	2
1	1	1	4
1	1	1	5
1	2	1	4
1	2	1	5
3	4	3	8
5	6	NULL	NULL
9	10	NULL	NULL


-- !query
select * from x inner join y on x1 = y1 and y2 IN (select z1 from z where z2 = y2) order by x1, x2, y1, y2
-- !query schema
struct<x1:int,x2:int,y1:int,y2:int>
-- !query output



-- !query
select * from x inner join y on x1 = y1 and y2 not IN (select z1 from z where z2 = y2) order by x1, x2, y1, y2
-- !query schema
struct<x1:int,x2:int,y1:int,y2:int>
-- !query output
0	1	0	2
1	1	1	4
1	1	1	5
1	2	1	4
1	2	1	5
3	4	3	8


-- !query
select * from x left join y on x1 = y1 and y2 IN (select z1 from z where z2 = y2) order by x1, x2, y1, y2
-- !query schema
struct<x1:int,x2:int,y1:int,y2:int>
-- !query output
0	1	NULL	NULL
1	1	NULL	NULL
1	2	NULL	NULL
3	4	NULL	NULL
5	6	NULL	NULL
9	10	NULL	NULL


-- !query
select * from x left join y on x1 = y1 and y2 not IN (select z1 from z where z2 = y2) order by x1, x2, y1, y2
-- !query schema
struct<x1:int,x2:int,y1:int,y2:int>
-- !query output
0	1	0	2
1	1	1	4
1	1	1	5
1	2	1	4
1	2	1	5
3	4	3	8
5	6	NULL	NULL
9	10	NULL	NULL


-- !query
select * from x inner join y on x1 = y1 or x2 IN (select z1 from z where z1 = x1) order by x1, x2, y1, y2
-- !query schema
struct<x1:int,x2:int,y1:int,y2:int>
-- !query output
0	1	0	2
1	1	0	2
1	1	1	4
1	1	1	5
1	1	2	6
1	1	3	8
1	1	4	11
1	2	1	4
1	2	1	5
3	4	3	8


-- !query
select * from x inner join y on x1 = y1 or x2 not IN (select z1 from z where z1 = x1) order by x1, x2, y1, y2
-- !query schema
struct<x1:int,x2:int,y1:int,y2:int>
-- !query output
0	1	0	2
0	1	1	4
0	1	1	5
0	1	2	6
0	1	3	8
0	1	4	11
1	1	1	4
1	1	1	5
1	2	0	2
1	2	1	4
1	2	1	5
1	2	2	6
1	2	3	8
1	2	4	11
3	4	0	2
3	4	1	4
3	4	1	5
3	4	2	6
3	4	3	8
3	4	4	11
5	6	0	2
5	6	1	4
5	6	1	5
5	6	2	6
5	6	3	8
5	6	4	11
9	10	0	2
9	10	1	4
9	10	1	5
9	10	2	6
9	10	3	8
9	10	4	11


-- !query
select * from x left join y on x1 = y1 or x2 IN (select z1 from z where z1 = x1) order by x1, x2, y1, y2
-- !query schema
struct<x1:int,x2:int,y1:int,y2:int>
-- !query output
0	1	0	2
1	1	0	2
1	1	1	4
1	1	1	5
1	1	2	6
1	1	3	8
1	1	4	11
1	2	1	4
1	2	1	5
3	4	3	8
5	6	NULL	NULL
9	10	NULL	NULL


-- !query
select * from x left join y on x1 = y1 or x2 not IN (select z1 from z where z1 = x1) order by x1, x2, y1, y2
-- !query schema
struct<x1:int,x2:int,y1:int,y2:int>
-- !query output
0	1	0	2
0	1	1	4
0	1	1	5
0	1	2	6
0	1	3	8
0	1	4	11
1	1	1	4
1	1	1	5
1	2	0	2
1	2	1	4
1	2	1	5
1	2	2	6
1	2	3	8
1	2	4	11
3	4	0	2
3	4	1	4
3	4	1	5
3	4	2	6
3	4	3	8
3	4	4	11
5	6	0	2
5	6	1	4
5	6	1	5
5	6	2	6
5	6	3	8
5	6	4	11
9	10	0	2
9	10	1	4
9	10	1	5
9	10	2	6
9	10	3	8
9	10	4	11


-- !query
select * from x inner join y on x1 = y1 or y2 IN (select z1 from z where z1 = y1) order by x1, x2, y1, y2
-- !query schema
struct<x1:int,x2:int,y1:int,y2:int>
-- !query output
0	1	0	2
1	1	1	4
1	1	1	5
1	2	1	4
1	2	1	5
3	4	3	8


-- !query
select * from x inner join y on x1 = y1 or y2 not IN (select z1 from z where z1 = y1) order by x1, x2, y1, y2
-- !query schema
struct<x1:int,x2:int,y1:int,y2:int>
-- !query output
0	1	0	2
0	1	1	4
0	1	1	5
0	1	2	6
0	1	3	8
0	1	4	11
1	1	0	2
1	1	1	4
1	1	1	5
1	1	2	6
1	1	3	8
1	1	4	11
1	2	0	2
1	2	1	4
1	2	1	5
1	2	2	6
1	2	3	8
1	2	4	11
3	4	0	2
3	4	1	4
3	4	1	5
3	4	2	6
3	4	3	8
3	4	4	11
5	6	0	2
5	6	1	4
5	6	1	5
5	6	2	6
5	6	3	8
5	6	4	11
9	10	0	2
9	10	1	4
9	10	1	5
9	10	2	6
9	10	3	8
9	10	4	11


-- !query
select * from x left join y on x1 = y1 or y2 IN (select z1 from z where z1 = y1) order by x1, x2, y1, y2
-- !query schema
struct<x1:int,x2:int,y1:int,y2:int>
-- !query output
0	1	0	2
1	1	1	4
1	1	1	5
1	2	1	4
1	2	1	5
3	4	3	8
5	6	NULL	NULL
9	10	NULL	NULL


-- !query
select * from x left join y on x1 = y1 or y2 not IN (select z1 from z where z1 = y1) order by x1, x2, y1, y2
-- !query schema
struct<x1:int,x2:int,y1:int,y2:int>
-- !query output
0	1	0	2
0	1	1	4
0	1	1	5
0	1	2	6
0	1	3	8
0	1	4	11
1	1	0	2
1	1	1	4
1	1	1	5
1	1	2	6
1	1	3	8
1	1	4	11
1	2	0	2
1	2	1	4
1	2	1	5
1	2	2	6
1	2	3	8
1	2	4	11
3	4	0	2
3	4	1	4
3	4	1	5
3	4	2	6
3	4	3	8
3	4	4	11
5	6	0	2
5	6	1	4
5	6	1	5
5	6	2	6
5	6	3	8
5	6	4	11
9	10	0	2
9	10	1	4
9	10	1	5
9	10	2	6
9	10	3	8
9	10	4	11


-- !query
select * from x inner join y on x1 = y1 and x2 IN (select z1 from z where z1 = x1) order by x1, x2, y1, y2
-- !query schema
struct<x1:int,x2:int,y1:int,y2:int>
-- !query output
1	1	1	4
1	1	1	5


-- !query
select * from x inner join y on x1 = y1 and x2 not IN (select z1 from z where z1 = x1) order by x1, x2, y1, y2
-- !query schema
struct<x1:int,x2:int,y1:int,y2:int>
-- !query output
0	1	0	2
1	2	1	4
1	2	1	5
3	4	3	8


-- !query
select * from x left join y on x1 = y1 and x2 IN (select z1 from z where z1 = x1) order by x1, x2, y1, y2
-- !query schema
struct<x1:int,x2:int,y1:int,y2:int>
-- !query output
0	1	NULL	NULL
1	1	1	4
1	1	1	5
1	2	NULL	NULL
3	4	NULL	NULL
5	6	NULL	NULL
9	10	NULL	NULL


-- !query
select * from x left join y on x1 = y1 and x2 not IN (select z1 from z where z1 = x1) order by x1, x2, y1, y2
-- !query schema
struct<x1:int,x2:int,y1:int,y2:int>
-- !query output
0	1	0	2
1	1	NULL	NULL
1	2	1	4
1	2	1	5
3	4	3	8
5	6	NULL	NULL
9	10	NULL	NULL


-- !query
select * from x inner join y on x1 = y1 and y2 IN (select z1 from z where z1 = y1) order by x1, x2, y1, y2
-- !query schema
struct<x1:int,x2:int,y1:int,y2:int>
-- !query output



-- !query
select * from x inner join y on x1 = y1 and y2 not IN (select z1 from z where z1 = y1) order by x1, x2, y1, y2
-- !query schema
struct<x1:int,x2:int,y1:int,y2:int>
-- !query output
0	1	0	2
1	1	1	4
1	1	1	5
1	2	1	4
1	2	1	5
3	4	3	8


-- !query
select * from x left join y on x1 = y1 and y2 IN (select z1 from z where z1 = y1) order by x1, x2, y1, y2
-- !query schema
struct<x1:int,x2:int,y1:int,y2:int>
-- !query output
0	1	NULL	NULL
1	1	NULL	NULL
1	2	NULL	NULL
3	4	NULL	NULL
5	6	NULL	NULL
9	10	NULL	NULL


-- !query
select * from x left join y on x1 = y1 and y2 not IN (select z1 from z where z1 = y1) order by x1, x2, y1, y2
-- !query schema
struct<x1:int,x2:int,y1:int,y2:int>
-- !query output
0	1	0	2
1	1	1	4
1	1	1	5
1	2	1	4
1	2	1	5
3	4	3	8
5	6	NULL	NULL
9	10	NULL	NULL
