-- Automatically generated by SQLQueryTestSuite
-- Number of queries: 8


-- !query
CREATE TEMPORARY VIEW EMP AS SELECT * FROM VALUES
  (100, "emp 1", date "2005-01-01", 100.00D, 10),
  (100, "emp 1", date "2005-01-01", 100.00D, 10),
  (200, "emp 2", date "2003-01-01", 200.00D, 10),
  (300, "emp 3", date "2002-01-01", 300.00D, 20),
  (400, "emp 4", date "2005-01-01", 400.00D, 30),
  (500, "emp 5", date "2001-01-01", 400.00D, NULL),
  (600, "emp 6 - no dept", date "2001-01-01", 400.00D, 100),
  (700, "emp 7", date "2010-01-01", 400.00D, 100),
  (800, "emp 8", date "2016-01-01", 150.00D, 70)
AS EMP(id, emp_name, hiredate, salary, dept_id)
-- !query schema
struct<>
-- !query output



-- !query
CREATE TEMPORARY VIEW DEPT AS SELECT * FROM VALUES
  (10, "dept 1", "CA"),
  (20, "dept 2", "NY"),
  (30, "dept 3", "TX"),
  (40, "dept 4 - unassigned", "OR"),
  (50, "dept 5 - unassigned", "NJ"),
  (70, "dept 7", "FL")
AS DEPT(dept_id, dept_name, state)
-- !query schema
struct<>
-- !query output



-- !query
SELECT
  emp_name,
  EXISTS (SELECT 1
          FROM   dept
          WHERE  dept.dept_id > 10
            AND dept.dept_id < 30)
FROM   emp
-- !query schema
struct<emp_name:string,exists():boolean>
-- !query output
emp 1	true
emp 1	true
emp 2	true
emp 3	true
emp 4	true
emp 5	true
emp 6 - no dept	true
emp 7	true
emp 8	true


-- !query
SELECT
  emp_name,
  EXISTS (SELECT 1
          FROM   dept
          WHERE  emp.dept_id = dept.dept_id)
FROM   emp
-- !query schema
struct<emp_name:string,exists(dept_id):boolean>
-- !query output
emp 1	true
emp 1	true
emp 2	true
emp 3	true
emp 4	true
emp 5	false
emp 6 - no dept	false
emp 7	false
emp 8	true


-- !query
SELECT
  sum(salary),
  sum(salary) FILTER (WHERE EXISTS (SELECT 1
                                    FROM   dept
                                    WHERE  dept.dept_id > 10
                                      AND dept.dept_id < 30))
FROM   emp
-- !query schema
struct<sum(salary):double,sum(salary) FILTER (WHERE exists()):double>
-- !query output
2450.0	2450.0


-- !query
SELECT
  sum(salary),
  sum(salary) FILTER (WHERE EXISTS (SELECT 1
                                    FROM   dept
                                    WHERE  emp.dept_id = dept.dept_id))
FROM   emp
-- !query schema
struct<sum(salary):double,sum(salary) FILTER (WHERE exists(dept_id)):double>
-- !query output
2450.0	1250.0


-- !query
SELECT
    emp_name,
    sum(salary) OVER (PARTITION BY EXISTS (SELECT 1
                                           FROM   dept
                                           WHERE  dept.dept_id > 10
                                             AND dept.dept_id < 30))
FROM   emp
-- !query schema
struct<emp_name:string,sum(salary) OVER (PARTITION BY exists() ROWS BETWEEN UNBOUNDED PRECEDING AND UNBOUNDED FOLLOWING):double>
-- !query output
emp 1	2450.0
emp 1	2450.0
emp 2	2450.0
emp 3	2450.0
emp 4	2450.0
emp 5	2450.0
emp 6 - no dept	2450.0
emp 7	2450.0
emp 8	2450.0


-- !query
SELECT
    emp_name,
    sum(salary) OVER (PARTITION BY EXISTS (SELECT 1
                                           FROM   dept
                                           WHERE  emp.dept_id = dept.dept_id))
FROM   emp
-- !query schema
struct<emp_name:string,sum(salary) OVER (PARTITION BY exists(dept_id) ROWS BETWEEN UNBOUNDED PRECEDING AND UNBOUNDED FOLLOWING):double>
-- !query output
emp 1	1250.0
emp 1	1250.0
emp 2	1250.0
emp 3	1250.0
emp 4	1250.0
emp 5	1200.0
emp 6 - no dept	1200.0
emp 7	1200.0
emp 8	1250.0
